{"cameraMode":{"drawMode":0,"name":"Shaded","section":"Shading Mode"},"sceneLighting":false,"audioPlay":false,"sceneViewState":{"m_AlwaysRefresh":false,"showFog":true,"showSkybox":false,"showFlares":true,"showImageEffects":true,"showParticleSystems":true,"showVisualEffectGraphs":true,"m_FxEnabled":true},"in2DMode":false,"pivot":{"x":0.3649982810020447,"y":-1.6461743116378785,"z":4.140326023101807},"rotation":{"x":-0.14129410684108735,"y":-0.045442577451467517,"z":0.006569489371031523,"w":-0.9889965653419495},"size":2.7922370433807375,"orthographic":false}